[{"name":"sql.active_record","payload":{"sql":"SELECT  \"users\".* FROM \"users\"  WHERE \"users\".\"id\" = $1 LIMIT 1","name":"User Load","connection_id":70206708959800,"binds":[[{"name":"id","sql_type":"integer","null":false,"limit":null,"precision":null,"scale":null,"type":"integer","default":null,"primary":true,"coder":null},1]]},"time":"2013-07-17T08:46:10+01:00","transaction_id":"1d26c4c59e182c3a2926","end":"2013-07-17T08:46:10+01:00","duration":0.372},{"name":"sql.active_record","payload":{"sql":"SELECT \"users\".* FROM \"users\" ","name":"User Load","connection_id":70206708959800,"binds":[]},"time":"2013-07-17T08:46:10+01:00","transaction_id":"1d26c4c59e182c3a2926","end":"2013-07-17T08:46:10+01:00","duration":0.35100000000000003},{"name":"sql.active_record","payload":{"sql":"SELECT \"playings\".* FROM \"playings\"  WHERE \"playings\".\"user_id\" = 1","name":"Playing Load","connection_id":70206708959800,"binds":[]},"time":"2013-07-17T08:46:10+01:00","transaction_id":"1d26c4c59e182c3a2926","end":"2013-07-17T08:46:10+01:00","duration":0.296},{"name":"sql.active_record","payload":{"sql":"SELECT \"playings\".* FROM \"playings\"  WHERE \"playings\".\"user_id\" = 5","name":"Playing Load","connection_id":70206708959800,"binds":[]},"time":"2013-07-17T08:46:10+01:00","transaction_id":"1d26c4c59e182c3a2926","end":"2013-07-17T08:46:10+01:00","duration":0.283},{"name":"sql.active_record","payload":{"sql":"SELECT \"playings\".* FROM \"playings\"  WHERE \"playings\".\"user_id\" = 6","name":"Playing Load","connection_id":70206708959800,"binds":[]},"time":"2013-07-17T08:46:10+01:00","transaction_id":"1d26c4c59e182c3a2926","end":"2013-07-17T08:46:10+01:00","duration":0.217},{"name":"render_template.action_view","payload":{"identifier":"/Users/JCFDB/Dropbox/general_assembly/w4we/game_app/GameApp/app/views/users/index.html.erb","layout":"layouts/application"},"time":"2013-07-17T08:46:10+01:00","transaction_id":"25418fb319d6dd8ccb8a","end":"2013-07-17T08:46:10+01:00","duration":8.66},{"name":"process_action.action_controller","payload":{"controller":"UsersController","action":"index","params":{"action":"index","controller":"users"},"format":"html","method":"GET","path":"/users","status":200,"view_runtime":100.53999999999999,"db_runtime":1.5190000000000001},"time":"2013-07-17T08:46:10+01:00","transaction_id":"25418fb319d6dd8ccb8a","end":"2013-07-17T08:46:11+01:00","duration":121.097}]