[{"name":"sql.active_record","payload":{"sql":"SELECT  \"users\".* FROM \"users\"  WHERE \"users\".\"id\" = $1 LIMIT 1","name":"User Load","connection_id":70206708959800,"binds":[[{"name":"id","sql_type":"integer","null":false,"limit":null,"precision":null,"scale":null,"type":"integer","default":null,"primary":true,"coder":null},1]]},"time":"2013-07-17T08:45:45+01:00","transaction_id":"1d26c4c59e182c3a2926","end":"2013-07-17T08:45:45+01:00","duration":0.408},{"name":"sql.active_record","payload":{"sql":"SELECT \"users\".* FROM \"users\" ","name":"User Load","connection_id":70206708959800,"binds":[]},"time":"2013-07-17T08:45:45+01:00","transaction_id":"1d26c4c59e182c3a2926","end":"2013-07-17T08:45:45+01:00","duration":1.124},{"name":"sql.active_record","payload":{"sql":"SELECT \"playings\".* FROM \"playings\"  WHERE \"playings\".\"user_id\" = 1","name":"Playing Load","connection_id":70206708959800,"binds":[]},"time":"2013-07-17T08:45:45+01:00","transaction_id":"1d26c4c59e182c3a2926","end":"2013-07-17T08:45:45+01:00","duration":0.38},{"name":"sql.active_record","payload":{"sql":"SELECT \"playings\".* FROM \"playings\"  WHERE \"playings\".\"user_id\" = 5","name":"Playing Load","connection_id":70206708959800,"binds":[]},"time":"2013-07-17T08:45:45+01:00","transaction_id":"1d26c4c59e182c3a2926","end":"2013-07-17T08:45:45+01:00","duration":0.264},{"name":"sql.active_record","payload":{"sql":"SELECT \"playings\".* FROM \"playings\"  WHERE \"playings\".\"user_id\" = 6","name":"Playing Load","connection_id":70206708959800,"binds":[]},"time":"2013-07-17T08:45:45+01:00","transaction_id":"1d26c4c59e182c3a2926","end":"2013-07-17T08:45:45+01:00","duration":0.263},{"name":"render_template.action_view","payload":{"identifier":"/Users/JCFDB/Dropbox/general_assembly/w4we/game_app/GameApp/app/views/users/index.html.erb","layout":"layouts/application"},"time":"2013-07-17T08:45:45+01:00","transaction_id":"14fed3808046953dfd47","end":"2013-07-17T08:45:45+01:00","duration":10.277},{"name":"process_action.action_controller","payload":{"controller":"UsersController","action":"index","params":{"action":"index","controller":"users"},"format":"html","method":"GET","path":"/users","status":200,"view_runtime":105.547,"db_runtime":2.439},"time":"2013-07-17T08:45:45+01:00","transaction_id":"14fed3808046953dfd47","end":"2013-07-17T08:45:45+01:00","duration":128.34599999999998}]