[{"name":"sql.active_record","payload":{"sql":"SELECT  \"users\".* FROM \"users\"  WHERE \"users\".\"id\" = $1 LIMIT 1","name":"User Load","connection_id":70206708959800,"binds":[[{"name":"id","sql_type":"integer","null":false,"limit":null,"precision":null,"scale":null,"type":"integer","default":null,"primary":true,"coder":null},1]]},"time":"2013-07-17T08:03:28+01:00","transaction_id":"1d26c4c59e182c3a2926","end":"2013-07-17T08:03:28+01:00","duration":0.416},{"name":"sql.active_record","payload":{"sql":"SELECT \"users\".* FROM \"users\" ","name":"User Load","connection_id":70206708959800,"binds":[]},"time":"2013-07-17T08:03:28+01:00","transaction_id":"1d26c4c59e182c3a2926","end":"2013-07-17T08:03:28+01:00","duration":0.359},{"name":"sql.active_record","payload":{"sql":"SELECT \"playings\".* FROM \"playings\"  WHERE \"playings\".\"user_id\" = 1","name":"Playing Load","connection_id":70206708959800,"binds":[]},"time":"2013-07-17T08:03:28+01:00","transaction_id":"1d26c4c59e182c3a2926","end":"2013-07-17T08:03:28+01:00","duration":0.326},{"name":"sql.active_record","payload":{"sql":"SELECT \"playings\".* FROM \"playings\"  WHERE \"playings\".\"user_id\" = 5","name":"Playing Load","connection_id":70206708959800,"binds":[]},"time":"2013-07-17T08:03:28+01:00","transaction_id":"1d26c4c59e182c3a2926","end":"2013-07-17T08:03:28+01:00","duration":0.27599999999999997},{"name":"sql.active_record","payload":{"sql":"SELECT \"playings\".* FROM \"playings\"  WHERE \"playings\".\"user_id\" = 6","name":"Playing Load","connection_id":70206708959800,"binds":[]},"time":"2013-07-17T08:03:28+01:00","transaction_id":"1d26c4c59e182c3a2926","end":"2013-07-17T08:03:28+01:00","duration":0.24600000000000002},{"name":"render_template.action_view","payload":{"identifier":"/Users/JCFDB/Dropbox/general_assembly/w4we/game_app/GameApp/app/views/users/index.html.erb","layout":"layouts/application"},"time":"2013-07-17T08:03:28+01:00","transaction_id":"149c38ecaab0d3479edb","end":"2013-07-17T08:03:28+01:00","duration":8.588999999999999},{"name":"process_action.action_controller","payload":{"controller":"UsersController","action":"index","params":{"action":"index","controller":"users"},"format":"html","method":"GET","path":"/users","status":200,"view_runtime":103.212,"db_runtime":1.6229999999999998},"time":"2013-07-17T08:03:28+01:00","transaction_id":"149c38ecaab0d3479edb","end":"2013-07-17T08:03:28+01:00","duration":128.43099999999998}]