[{"name":"sql.active_record","payload":{"sql":"SELECT  \"users\".* FROM \"users\"  WHERE \"users\".\"id\" = $1 LIMIT 1","name":"User Load","connection_id":70206708959800,"binds":[[{"name":"id","sql_type":"integer","null":false,"limit":null,"precision":null,"scale":null,"type":"integer","default":null,"primary":true,"coder":null},1]]},"time":"2013-07-17T08:46:14+01:00","transaction_id":"1d26c4c59e182c3a2926","end":"2013-07-17T08:46:14+01:00","duration":0.357},{"name":"render_partial.action_view","payload":{"identifier":"/Users/JCFDB/Dropbox/general_assembly/w4we/game_app/GameApp/app/views/shared/_emptyboard.html.erb"},"time":"2013-07-17T08:46:14+01:00","transaction_id":"f329730f0330e9a2bd6b","end":"2013-07-17T08:46:14+01:00","duration":1.083},{"name":"render_template.action_view","payload":{"identifier":"/Users/JCFDB/Dropbox/general_assembly/w4we/game_app/GameApp/app/views/games/new.html.erb","layout":"layouts/application"},"time":"2013-07-17T08:46:14+01:00","transaction_id":"f329730f0330e9a2bd6b","end":"2013-07-17T08:46:14+01:00","duration":3.851},{"name":"process_action.action_controller","payload":{"controller":"GamesController","action":"new","params":{"action":"new","controller":"games"},"format":"html","method":"GET","path":"/games/new","status":200,"view_runtime":164.668,"db_runtime":0.357},"time":"2013-07-17T08:46:14+01:00","transaction_id":"f329730f0330e9a2bd6b","end":"2013-07-17T08:46:15+01:00","duration":182.124}]