[{"name":"sql.active_record","payload":{"sql":"SELECT  \"users\".* FROM \"users\"  WHERE \"users\".\"id\" = $1 LIMIT 1","name":"User Load","connection_id":70206708959800,"binds":[[{"name":"id","sql_type":"integer","null":false,"limit":null,"precision":null,"scale":null,"type":"integer","default":null,"primary":true,"coder":null},1]]},"time":"2013-07-17T08:21:03+01:00","transaction_id":"1d26c4c59e182c3a2926","end":"2013-07-17T08:21:03+01:00","duration":0.417},{"name":"sql.active_record","payload":{"sql":"SELECT \"users\".* FROM \"users\" ","name":"User Load","connection_id":70206708959800,"binds":[]},"time":"2013-07-17T08:21:03+01:00","transaction_id":"1d26c4c59e182c3a2926","end":"2013-07-17T08:21:03+01:00","duration":0.318},{"name":"sql.active_record","payload":{"sql":"SELECT \"playings\".* FROM \"playings\"  WHERE \"playings\".\"user_id\" = 1","name":"Playing Load","connection_id":70206708959800,"binds":[]},"time":"2013-07-17T08:21:03+01:00","transaction_id":"1d26c4c59e182c3a2926","end":"2013-07-17T08:21:03+01:00","duration":0.39599999999999996},{"name":"sql.active_record","payload":{"sql":"SELECT \"playings\".* FROM \"playings\"  WHERE \"playings\".\"user_id\" = 5","name":"Playing Load","connection_id":70206708959800,"binds":[]},"time":"2013-07-17T08:21:03+01:00","transaction_id":"1d26c4c59e182c3a2926","end":"2013-07-17T08:21:03+01:00","duration":0.264},{"name":"sql.active_record","payload":{"sql":"SELECT \"playings\".* FROM \"playings\"  WHERE \"playings\".\"user_id\" = 6","name":"Playing Load","connection_id":70206708959800,"binds":[]},"time":"2013-07-17T08:21:03+01:00","transaction_id":"1d26c4c59e182c3a2926","end":"2013-07-17T08:21:03+01:00","duration":0.23299999999999998},{"name":"render_template.action_view","payload":{"identifier":"/Users/JCFDB/Dropbox/general_assembly/w4we/game_app/GameApp/app/views/users/index.html.erb","layout":"layouts/application"},"time":"2013-07-17T08:21:03+01:00","transaction_id":"e7da8503f3b3267a7806","end":"2013-07-17T08:21:03+01:00","duration":11.342},{"name":"process_action.action_controller","payload":{"controller":"UsersController","action":"index","params":{"action":"index","controller":"users"},"format":"html","method":"GET","path":"/users","status":200,"view_runtime":89.109,"db_runtime":1.628},"time":"2013-07-17T08:21:03+01:00","transaction_id":"e7da8503f3b3267a7806","end":"2013-07-17T08:21:03+01:00","duration":106.532}]