[{"name":"sql.active_record","payload":{"sql":"SELECT  \"users\".* FROM \"users\"  WHERE \"users\".\"id\" = $1 LIMIT 1","name":"User Load","connection_id":70206708959800,"binds":[[{"name":"id","sql_type":"integer","null":false,"limit":null,"precision":null,"scale":null,"type":"integer","default":null,"primary":true,"coder":null},1]]},"time":"2013-07-17T08:45:48+01:00","transaction_id":"1d26c4c59e182c3a2926","end":"2013-07-17T08:45:48+01:00","duration":7.821},{"name":"sql.active_record","payload":{"sql":"SELECT \"games\".* FROM \"games\" ","name":"Game Load","connection_id":70206708959800,"binds":[]},"time":"2013-07-17T08:45:48+01:00","transaction_id":"1d26c4c59e182c3a2926","end":"2013-07-17T08:45:48+01:00","duration":0.45399999999999996},{"name":"render_template.action_view","payload":{"identifier":"/Users/JCFDB/Dropbox/general_assembly/w4we/game_app/GameApp/app/views/games/index.html.erb","layout":"layouts/application"},"time":"2013-07-17T08:45:48+01:00","transaction_id":"1f6e38a7bb86c70d80d3","end":"2013-07-17T08:45:48+01:00","duration":82.95},{"name":"process_action.action_controller","payload":{"controller":"GamesController","action":"index","params":{"action":"index","controller":"games"},"format":"html","method":"GET","path":"/games","status":200,"view_runtime":399.46500000000003,"db_runtime":8.275},"time":"2013-07-17T08:45:48+01:00","transaction_id":"1f6e38a7bb86c70d80d3","end":"2013-07-17T08:45:48+01:00","duration":442.88100000000003}]