[{"name":"sql.active_record","payload":{"sql":"SELECT  \"users\".* FROM \"users\"  WHERE \"users\".\"id\" = $1 LIMIT 1","name":"User Load","connection_id":70206708959800,"binds":[[{"name":"id","sql_type":"integer","null":false,"limit":null,"precision":null,"scale":null,"type":"integer","default":null,"primary":true,"coder":null},1]]},"time":"2013-07-17T08:19:24+01:00","transaction_id":"1d26c4c59e182c3a2926","end":"2013-07-17T08:19:24+01:00","duration":0.5770000000000001},{"name":"render_partial.action_view","payload":{"identifier":"/Users/JCFDB/Dropbox/general_assembly/w4we/game_app/GameApp/app/views/shared/_emptyboard.html.erb"},"time":"2013-07-17T08:19:24+01:00","transaction_id":"64116262c8c151410e73","end":"2013-07-17T08:19:24+01:00","duration":1.165},{"name":"render_template.action_view","payload":{"identifier":"/Users/JCFDB/Dropbox/general_assembly/w4we/game_app/GameApp/app/views/games/new.html.erb","layout":"layouts/application"},"time":"2013-07-17T08:19:24+01:00","transaction_id":"64116262c8c151410e73","end":"2013-07-17T08:19:24+01:00","duration":7.041},{"name":"process_action.action_controller","payload":{"controller":"GamesController","action":"new","params":{"action":"new","controller":"games"},"format":"html","method":"GET","path":"/games/new","status":200,"view_runtime":90.386,"db_runtime":0.5770000000000001},"time":"2013-07-17T08:19:24+01:00","transaction_id":"64116262c8c151410e73","end":"2013-07-17T08:19:25+01:00","duration":107.322}]